{
  "RMSE": 688.8316021633934,
  "MAE": 528.6868897916668,
  "MAPE": 38.79375139598451,
  "R2": 0.6654606479645542
}