{
  "RMSE": 665.0076832262918,
  "MAE": 503.3274230957031,
  "MAPE": 51.62185287475586,
  "R2": 0.6882011890411377
}