{
  "Naive": {
    "RMSE": 951.9117876367593,
    "MAE": 742.5710338888889,
    "MAPE": 72.24984004114219,
    "R2": 0.3611270593218051
  },
  "LinearRegression": {
    "RMSE": 587.3628121723441,
    "MAE": 443.4568036944202,
    "MAPE": 45.074908470318,
    "R2": 0.7567605697457049
  },
  "XGBoost": {
    "RMSE": 584.1720108793195,
    "MAE": 456.75964795084644,
    "MAPE": 46.914848094737735,
    "R2": 0.7593961487920902
  }
}