{
  "RMSE": 798.2719056151263,
  "MAE": 632.8987173524306,
  "MAPE": 54.73003144040055,
  "R2": 0.5507141153111095
}