{
  "RMSE": 559.4708437443367,
  "MAE": 409.15277099609375,
  "MAPE": 42.601043701171875,
  "R2": 0.7793133854866028
}